{"cameraMode":{"drawMode":0,"name":"Shaded","section":"Shading Mode"},"sceneLighting":true,"audioPlay":false,"sceneViewState":{"showFog":false,"showMaterialUpdate":false,"showSkybox":false,"showFlares":false,"showImageEffects":false,"showParticleSystems":false},"in2DMode":false,"pivot":{"x":63.94837188720703,"y":1.6612306833267213,"z":-1.1920928955078126e-7},"rotation":{"x":0.2907048463821411,"y":0.1948520839214325,"z":-0.060595232993364337,"w":0.9348006248474121},"size":78.51417541503906,"orthographic":false}